username,seconds
mharper,3.8994747
mharper,2.5610597
mharper,2.4751604
mharper,1.6452563
mharper,2.5610597
mharper,2.4751604
mharper,1.6452563
mharper,2.5610597
mharper,2.4751604
mharper,1.6452563
carl,1.4987041
emily,6.5323921
rick,7.7484035
jazz,6.3734471
yazz,2.1916987
yoyoyo,2.5010043
mwharp02,2.4435196
jojo,1.5067508
gigi,4.9353623
oiawejfo,2.0673241
